{
  "finance": {
    "probs": [
      0.30386438701171054,
      0.16538277500757378,
      0.16730119884179367,
      0.1795797036402909,
      0.3522415041571962
    ]
  },
  "telecom": {
    "probs": [
      0.30386438701171054,
      0.16538277500757378,
      0.16730119884179367,
      0.1795797036402909,
      0.3522415041571962
    ]
  }
}